,support,itemsets,length
22,0.05683720253256677,frozenset({'basic'}),1
66,0.05501782985226694,frozenset({'develop'}),1
161,0.05348955680081508,frozenset({'mathematics'}),1
175,0.15137180700094607,frozenset({'module'}),1
244,0.05152463430609126,frozenset({'statistical'}),1
247,0.08842151226257186,frozenset({'student'}),1
249,0.09555345316934721,frozenset({'study'}),1
